{"cameraMode":{"drawMode":0,"name":"Shaded","section":"Shading Mode"},"sceneLighting":true,"audioPlay":false,"sceneViewState":{"showFog":true,"showMaterialUpdate":false,"showSkybox":true,"showFlares":true,"showImageEffects":true,"showParticleSystems":true,"showVisualEffectGraphs":true,"m_FxEnabled":false},"in2DMode":false,"pivot":{"x":-0.8470886945724487,"y":1.3397220373153687,"z":-2.980232238769531e-7},"rotation":{"x":0.053490038961172107,"y":0.9437887072563171,"z":-0.19082438945770265,"w":0.26455366611480715},"size":1.9208579063415528,"orthographic":false}