{"cameraMode":{"drawMode":0,"name":"Shaded","section":"Shading Mode"},"sceneLighting":true,"audioPlay":false,"sceneViewState":{"showFog":true,"showMaterialUpdate":false,"showSkybox":true,"showFlares":true,"showImageEffects":true,"showParticleSystems":true,"showVisualEffectGraphs":true,"m_FxEnabled":false},"in2DMode":false,"pivot":{"x":22.236106872558595,"y":-19.684967041015626,"z":-12.178359985351563},"rotation":{"x":0.3745916485786438,"y":-0.013632483780384064,"z":0.005508250556886196,"w":0.9270732402801514},"size":53.887840270996097,"orthographic":false}