{"cameraMode":{"drawMode":0,"name":"Shaded","section":"Shading Mode"},"sceneLighting":true,"audioPlay":false,"sceneViewState":{"showFog":true,"showMaterialUpdate":false,"showSkybox":true,"showFlares":true,"showImageEffects":true,"showParticleSystems":true,"showVisualEffectGraphs":true,"m_FxEnabled":false},"in2DMode":false,"pivot":{"x":0.004000186920166016,"y":5.099999904632568,"z":1.8600000143051148},"rotation":{"x":0.5685821771621704,"y":0.00739964097738266,"z":-0.005114630330353975,"w":0.8225770592689514},"size":8.06710147857666,"orthographic":false}