{"cameraMode":{"drawMode":0,"name":"Shaded","section":"Shading Mode"},"sceneLighting":true,"audioPlay":false,"sceneViewState":{"showFog":true,"showMaterialUpdate":false,"showSkybox":true,"showFlares":true,"showImageEffects":true,"showParticleSystems":true,"showVisualEffectGraphs":true,"m_FxEnabled":false},"in2DMode":false,"pivot":{"x":-0.7191781997680664,"y":0.36736297607421877,"z":-0.2603306770324707},"rotation":{"x":0.14098919928073884,"y":0.5896774530410767,"z":-0.10547684878110886,"w":0.7882131338119507},"size":6.980739116668701,"orthographic":false}