{"cameraMode":{"drawMode":0,"name":"Shaded","section":"Shading Mode"},"sceneLighting":true,"audioPlay":false,"sceneViewState":{"showFog":true,"showMaterialUpdate":false,"showSkybox":true,"showFlares":true,"showImageEffects":true,"showParticleSystems":true,"showVisualEffectGraphs":true,"m_FxEnabled":false},"in2DMode":false,"pivot":{"x":4.573708534240723,"y":2.8723831176757814,"z":-4.016289710998535},"rotation":{"x":-0.0026683341711759569,"y":0.7710475325584412,"z":0.0032308041118085386,"w":0.6367634534835815},"size":10.957658767700196,"orthographic":false}