{"cameraMode":{"drawMode":0,"name":"Shaded","section":"Shading Mode"},"sceneLighting":true,"audioPlay":false,"sceneViewState":{"showFog":true,"showMaterialUpdate":false,"showSkybox":true,"showFlares":true,"showImageEffects":true,"showParticleSystems":true,"showVisualEffectGraphs":true,"m_FxEnabled":false},"in2DMode":false,"pivot":{"x":34.05968475341797,"y":-6.178596496582031,"z":-23.735984802246095},"rotation":{"x":0.43356630206108096,"y":0.013515959493815899,"z":-0.0065039172768592838,"w":0.9009974002838135},"size":33.08162307739258,"orthographic":false}