{"cameraMode":{"drawMode":0,"name":"Shaded","section":"Shading Mode"},"sceneLighting":false,"audioPlay":false,"sceneViewState":{"showFog":true,"showMaterialUpdate":false,"showSkybox":false,"showFlares":true,"showImageEffects":true,"showParticleSystems":true,"showVisualEffectGraphs":true,"m_FxEnabled":false},"in2DMode":false,"pivot":{"x":-0.3448905944824219,"y":1.4186375141143799,"z":0.0024890899658203127},"rotation":{"x":0.10742361098527909,"y":-0.0819263756275177,"z":0.008882613852620125,"w":0.9907926917076111},"size":1.2519012689590455,"orthographic":false}